time,x,y,z
0.0,3500.620219783353,16360.484422867567,4270.428975000002
0.1,3500.6202197833522,16360.484422867561,4270.428975
0.2,3500.6202197833522,16360.48442286756,4270.428975
0.30000000000000004,3500.6202197833522,16360.48442286756,4270.428975
0.4,3500.6202197833477,16360.484422867545,4270.428974999994
0.5,3500.6202197833477,16360.484422867545,4270.428974999994
0.6000000000000001,3500.6202197833477,16360.484422867545,4270.428974999994
0.7000000000000001,3500.6202197833477,16360.484422867545,4270.428974999994
0.8,3500.6202197833477,16360.484422867545,4270.428974999994
0.9,3500.6202197833477,16360.484422867545,4270.428974999994
1.0,3500.6202197833477,16360.484422867545,4270.428974999994
1.1,3500.6202197833477,16360.484422867545,4270.428974999994
1.2000000000000002,3500.6202197833477,16360.484422867545,4270.428974999994
1.3,3500.6202197833477,16360.484422867545,4270.428974999994
1.4000000000000001,3500.6202197833477,16360.484422867545,4270.428974999994
1.5,3500.6202197833477,16360.484422867545,4270.428974999994
1.6,3500.6202197833477,16360.484422867545,4270.428974999994
1.7000000000000002,3500.6202197833477,16360.484422867545,4270.428974999994
1.8,3500.6202197833477,16360.484422867545,4270.428974999994
1.9000000000000001,3500.6202197833477,16360.484422867545,4270.428974999994
2.0,3500.6202197833477,16360.484422867545,4270.428974999994
2.1,3500.6202197833477,16360.484422867545,4270.428974999994
2.2,3500.6202197833477,16360.484422867545,4270.428974999994
2.3000000000000003,3500.6202197833477,16360.484422867545,4270.428974999994
2.4000000000000004,3500.6202197833477,16360.484422867545,4270.428974999994
2.5,3500.6202197833477,16360.484422867545,4270.428974999994
2.6,3500.6202197833477,16360.484422867545,4270.428974999994
2.7,3500.6202197833477,16360.484422867545,4270.428974999994
2.8000000000000003,3500.6202197833477,16360.484422867545,4270.428974999994
2.9000000000000004,3500.6202197833477,16360.484422867545,4270.428974999994
3.0,3500.6202197833477,16360.484422867545,4270.428974999994
3.1,3500.6202197833477,16360.484422867545,4270.428974999994
3.2,3500.6202197833477,16360.484422867545,4270.428974999994
3.3000000000000003,3500.6202197833477,16360.484422867545,4270.428974999994
3.4000000000000004,3500.6202197833477,16360.484422867545,4270.428974999994
3.5,3500.6202197833477,16360.484422867545,4270.428974999994
3.6,3500.6202197833477,16360.484422867545,4270.428974999994
3.7,3500.6202197833477,16360.484422867545,4270.428974999994
3.8000000000000003,3500.6202197833477,16360.484422867545,4270.428974999994
3.9000000000000004,3500.6202197833477,16360.484422867545,4270.428974999994
4.0,3500.6202197833477,16360.484422867545,4270.428974999994
4.1000000000000005,3500.6202197833477,16360.484422867545,4270.428974999994
4.2,3500.6202197833477,16360.484422867545,4270.428974999994
4.3,3500.6202197833477,16360.484422867545,4270.428974999994
4.4,3500.6202197833477,16360.484422867545,4270.428974999994
4.5,3500.6202197833477,16360.484422867545,4270.428974999994
4.6000000000000005,3500.6202197833477,16360.484422867545,4270.428974999994
4.7,3500.6202197833477,16360.484422867545,4270.428974999994
4.800000000000001,3500.6202197833477,16360.484422867545,4270.428974999994
4.9,3500.6202197833477,16360.484422867545,4270.428974999994
5.0,3500.6202197833477,16360.484422867545,4270.428974999994
5.1000000000000005,3500.6202197833477,16360.484422867545,4270.428974999994
5.2,3500.6202197833477,16360.484422867545,4270.428974999994
5.300000000000001,3500.6202197833477,16360.484422867545,4270.428974999994
5.4,3500.6202197833477,16360.363699323563,4331.344658090169
5.5,3500.6202197833477,16358.43212269982,5305.995547189973
5.6000000000000005,3500.6202197833477,16359.595284391553,4719.077812175178
5.7,3500.6202197833477,16363.910671892034,2541.5839388014942
5.800000000000001,3500.6202197833477,16370.171049790008,-617.329256437573
5.9,3500.6202197833477,16377.169182674214,-4148.504957048518
6.0,3500.6202197833477,16383.6978351334,-7442.786346537833
6.1000000000000005,3500.6202197833477,16390.09905716744,-10672.767839435823
6.2,3500.6202197833477,16392.020094554577,-11642.100753464714
6.300000000000001,3500.6202197833477,16386.741793153724,-8978.731829839882
6.4,3500.6202197833477,16380.524530780047,-5841.574222016697
6.5,3500.6202197833477,16373.63658208043,-2365.996167469906
6.6000000000000005,3500.6202197833477,16366.882770632861,1041.8978043599202
6.7,3500.6202197833477,16361.470331848604,3772.9508769792756
6.800000000000001,3500.6202197833477,16358.606501138911,5218.006233894654
6.9,3500.6202197833477,16359.49851391504,4767.90705861255
7.0,3500.6202197833477,16360.484422867545,4270.428974999994
7.1000000000000005,3500.6202197833477,16360.484422867545,4270.428974999994
7.2,3500.6202197833477,16360.484422867545,4270.428974999994
7.300000000000001,3500.6202197833477,16710.743634174654,4270.428974999994
7.4,3500.6202197833477,18537.585978545278,4270.428974999994
7.5,3500.6202197833477,16698.97029528609,4270.428974999994
7.6000000000000005,3500.6202197833477,11848.321368668407,4270.428974999994
7.7,3500.6202197833477,5221.8482760948245,4270.428974999994
7.800000000000001,3500.6202197833477,-1944.239905032058,4270.428974999994
7.9,3500.6202197833477,-8413.734097309647,4270.428974999994
8.0,3500.6202197833477,-12950.425223335345,4270.428974999994
8.1,3500.6202197833477,-14318.104205706557,4270.428974999994
8.200000000000001,3500.6202197833477,-12381.376631128736,4270.428974999994
8.3,3500.6202197833477,-12195.94526513242,4270.428974999994
8.4,3500.6202197833477,-12195.94526513242,4270.428974999994
8.5,3500.6202197833477,-12195.94526513242,4270.428974999994
8.6,3500.6202197833477,-13390.947319682324,4270.428974999994
8.700000000000001,3500.6202197833477,-13995.316291311272,4270.428974999994
8.8,3500.6202197833477,-10842.00208943585,4270.428974999994
8.9,3500.6202197833477,-5167.213791458652,4270.428974999994
9.0,3500.6202197833477,1792.839525217725,4270.428974999994
9.1,3500.6202197833477,8801.948783190684,4270.428974999994
9.200000000000001,3500.6202197833477,14623.904905057629,4270.428974999994
9.3,3500.6202197833477,18022.498813415965,4270.428974999994
9.4,3500.6202197833477,17761.521430863093,4270.428974999994
9.5,3500.6202197833477,16360.484422867545,4270.428974999994
9.600000000000001,3500.6202197833477,16360.484422867545,4270.428974999994
9.700000000000001,3500.6202197833477,16360.484422867545,4270.428974999994
9.8,3500.6202197833477,16360.484422867545,4270.428974999994
9.9,3500.6202197833477,16360.484422867545,4270.428974999994
10.0,3500.6202197833477,16360.484422867545,4270.428974999994
10.100000000000001,3500.6202197833477,16360.484422867545,4270.428974999994
10.200000000000001,3500.6202197833477,16360.484422867545,4270.428974999994
10.3,3500.6202197833477,16360.484422867545,4270.428974999994
10.4,3500.6202197833477,16360.484422867545,4270.428974999994
10.5,3500.6202197833477,16360.484422867545,4270.428974999994
10.600000000000001,3500.6202197833477,16360.484422867545,4270.428974999994
10.700000000000001,3500.6202197833477,16360.484422867545,4270.428974999994
10.8,3500.6202197833477,16360.484422867545,4270.428974999994
10.9,3500.6202197833477,16360.484422867545,4270.428974999994
11.0,3500.6202197833477,16360.484422867545,4270.428974999994
11.100000000000001,3500.6202197833477,16360.484422867545,4270.428974999994
11.200000000000001,3500.6202197833477,16360.484422867545,4270.428974999994
11.3,3500.6202197833477,16360.484422867545,4270.428974999994
11.4,3500.6202197833477,16360.484422867545,4270.428974999994
11.5,3500.6202197833477,16360.484422867545,4270.428974999994
11.600000000000001,3500.6202197833477,16360.484422867545,4270.428974999994
11.700000000000001,3500.6202197833477,16360.484422867545,4270.428974999994
11.8,3500.6202197833477,16360.484422867545,4270.428974999994
11.9,3500.6202197833477,16360.484422867545,4270.428974999994
12.0,3500.6202197833477,16360.484422867545,4270.428974999994
12.100000000000001,3500.6202197833477,16360.484422867545,4270.428974999994
12.200000000000001,3500.6202197833477,16360.484422867545,4270.428974999994
12.3,3500.6202197833477,16360.484422867545,4270.428974999994
12.4,3500.6202197833477,16360.484422867545,4270.428974999994
12.5,3500.6202197833477,16360.484422867545,4270.428974999994
12.600000000000001,3500.6202197833477,16360.484422867545,4270.428974999994
12.700000000000001,3500.6202197833477,16360.484422867545,4270.428974999994
12.8,3500.6202197833477,16360.484422867545,4270.428974999994
12.9,3500.6202197833477,16360.484422867545,4270.428974999994
13.0,3500.6202197833477,16360.484422867545,4270.428974999994
13.100000000000001,3500.6202197833477,16360.484422867545,4270.428974999994
13.200000000000001,3500.6202197833477,16360.484422867545,4270.428974999994
13.3,3500.6202197833477,16360.484422867545,4270.428974999994
13.4,3500.6202197833477,16360.484422867545,4270.428974999994
13.5,3500.6202197833477,16360.484422867545,4270.428974999994
13.600000000000001,3500.6202197833477,16360.484422867545,4270.428974999994
13.700000000000001,3500.6202197833477,16360.484422867545,4270.428974999994
13.8,3500.6202197833477,16360.484422867545,4270.428974999994
13.9,3500.6202197833477,16360.484422867545,4270.428974999994
14.0,3500.6202197833477,16360.484422867545,4270.428974999994
14.100000000000001,3500.6202197833477,16360.484422867545,4270.428974999994
14.200000000000001,3500.6202197833477,16360.484422867545,4270.428974999994
14.3,3500.6202197833477,16360.484422867545,4270.428974999994
14.4,3500.6202197833477,16360.484422867545,4270.428974999994
14.5,3500.6202197833477,16360.484422867545,4270.428974999994
14.600000000000001,3500.6202197833477,16360.484422867545,4270.428974999994
14.700000000000001,3500.6202197833477,16360.484422867545,4270.428974999994
14.8,3500.6202197833477,16360.484422867545,4270.428974999994
14.9,3500.6202197833477,16360.484422867545,4270.428974999994
15.0,3500.6202197833477,16360.484422867545,4270.428974999994
15.100000000000001,3500.6202197833477,16360.484422867545,4270.428974999994
15.200000000000001,3500.6202197833477,16360.484422867545,4270.428974999994
15.3,3500.6202197833477,16360.484422867545,4270.428974999994
15.4,3500.6202197833477,16360.484422867545,4270.428974999994
15.5,3500.6202197833477,16360.484422867545,4270.428974999994
15.600000000000001,3500.6202197833477,16360.484422867545,4270.428974999994
15.700000000000001,3500.6202197833477,16360.484422867545,4270.428974999994
15.8,3500.6202197833477,16360.484422867545,4270.428974999994
15.9,3500.6202197833477,16360.484422867545,4270.428974999994
16.0,3500.6202197833477,16360.484422867545,4270.428974999994
16.1,3500.6202197833477,16360.484422867545,4270.428974999994
16.2,3500.6202197833477,16360.484422867545,4270.428974999994
16.3,3500.6202197833477,16360.484422867545,4270.428974999994
16.400000000000002,3500.6202197833477,16360.484422867545,4270.428974999994
16.5,3500.6202197833477,16360.484422867545,4270.428974999994
16.6,3500.6202197833477,16360.484422867545,4270.428974999994
16.7,3500.6202197833477,16360.484422867545,4270.428974999994
16.8,3500.6202197833477,16360.484422867545,4270.428974999994
16.900000000000002,3500.6202197833477,16360.484422867545,4270.428974999994
17.0,3500.6202197833477,16360.484422867545,4270.428974999994
17.1,3500.6202197833477,16360.484422867545,4270.428974999994
17.2,3500.6202197833477,16360.484422867545,4270.428974999994
17.3,3500.6202197833477,16360.484422867545,4270.428974999994
17.400000000000002,3500.6202197833477,16360.484422867545,4270.428974999994
17.5,3500.6202197833477,16360.484422867545,4270.428974999994
17.6,3500.6202197833477,16360.484422867545,4270.428974999994
17.7,3500.6202197833477,16360.484422867545,4270.428974999994
17.8,3500.6202197833477,16360.484422867545,4270.428974999994
17.900000000000002,3500.6202197833477,16360.484422867545,4270.428974999994
18.0,3500.6202197833477,16360.484422867545,4270.428974999994
18.1,3500.6202197833477,16360.484422867545,4270.428974999994
18.2,3500.6202197833477,16360.484422867545,4270.428974999994
18.3,3500.6202197833477,16360.484422867545,4270.428974999994
18.400000000000002,3500.6202197833477,16360.484422867545,4270.428974999994
18.5,3500.6202197833477,16360.484422867545,4270.428974999994
18.6,3500.6202197833477,16360.484422867545,4270.428974999994
18.7,3500.6202197833477,16360.484422867545,4270.428974999994
18.8,3500.6202197833477,16360.484422867545,4270.428974999994
18.900000000000002,3500.6202197833477,16360.484422867545,4270.428974999994
19.0,3500.6202197833477,16360.484422867545,4270.428974999994
19.1,3500.6202197833477,16360.484422867545,4270.428974999994
19.200000000000003,3500.6202197833477,16360.484422867545,4270.428974999994
19.3,3500.6202197833477,16360.484422867545,4270.428974999994
19.400000000000002,3500.6202197833477,16360.484422867545,4270.428974999994
19.5,3500.6202197833477,16360.484422867545,4270.428974999994
19.6,3500.6202197833477,16360.484422867545,4270.428974999994
19.700000000000003,3500.6202197833477,16360.484422867545,4270.428974999994
19.8,3500.6202197833477,16360.484422867545,4270.428974999994
19.900000000000002,3500.6202197833477,16360.484422867545,4270.428974999994
20.0,3500.6202197833477,16360.484422867545,4270.428974999994
20.1,3500.6202197833477,16360.484422867545,4270.428974999994
20.200000000000003,3500.6202197833477,16360.484422867545,4270.428974999994
20.3,3500.6202197833477,16360.484422867545,4270.428974999994
20.400000000000002,3500.6202197833477,16360.484422867545,4270.428974999994
20.5,3500.6202197833477,16360.484422867545,4270.428974999994
20.6,3500.6202197833477,16360.484422867545,4270.428974999994
20.700000000000003,3500.6202197833477,16360.484422867545,4270.428974999994
20.8,3500.6202197833477,16360.484422867545,4270.428974999994
20.900000000000002,3500.6202197833477,16360.484422867545,4270.428974999994
21.0,3500.6202197833477,16360.484422867545,4270.428974999994
21.1,3500.6202197833477,16360.484422867545,4270.428974999994
21.200000000000003,3500.6202197833477,17637.90047292821,4270.428974999994
21.3,3500.6202197833477,18104.912785372555,4270.428974999994
21.400000000000002,3500.6202197833477,14853.486684079555,4270.428974999994
21.5,3500.6202197833477,9119.831246451811,4270.428974999994
21.6,3500.6202197833477,2140.155549891921,4270.428974999994
21.700000000000003,3500.6202197833477,-4849.331328197523,4270.428974999994
21.8,3500.6202197833477,-10612.420310413923,4270.428974999994
21.900000000000002,3500.6202197833477,-13912.902319354684,4270.428974999994
22.0,3500.6202197833477,-13514.568277617207,4270.428974999994
22.1,3500.6202197833477,-12195.94526513242,4270.428974999994
22.200000000000003,3500.6202197833477,-12195.94526513242,4270.428974999994
22.3,3500.6202197833477,-12195.94526513242,4270.428974999994
22.400000000000002,3500.6202197833477,-12257.755678067118,4270.428974999994
22.5,3500.6202197833477,-14276.897238409138,4270.428974999994
22.6,3500.6202197833477,-13262.420950643698,4270.428974999994
22.700000000000003,3500.6202197833477,-8961.198286334828,4270.428974999994
22.8,3500.6202197833477,-2609.438322885123,4270.428974999994
22.900000000000002,3500.6202197833477,4556.649862302821,4270.428974999994
23.0,3500.6202197833477,11300.857191826408,4270.428974999994
23.1,3500.6202197833477,16386.97458828304,4270.428974999994
23.200000000000003,3500.6202197833477,18578.79297427012,4270.428974999994
23.3,3500.6202197833477,16834.364570179816,4270.428974999994
23.400000000000002,3500.6202197833477,16360.484422867545,4270.428974999994
23.5,3500.6202197833477,16360.484422867545,4270.428974999994
23.6,3500.6202197833477,16360.484422867545,4270.428974999994
23.700000000000003,3500.6202197833477,16360.484422867545,4270.428974999994
23.8,3500.6202197833477,16360.484422867545,4270.428974999994
23.900000000000002,3500.6202197833477,16360.484422867545,4270.428974999994
24.0,3500.6202197833477,16360.484422867545,4270.428974999994
24.1,3500.6202197833477,16360.484422867545,4270.428974999994
24.200000000000003,3500.6202197833477,16360.484422867545,4270.428974999994
24.3,3500.6202197833477,16360.484422867545,4270.428974999994
24.400000000000002,3500.6202197833477,16360.484422867545,4270.428974999994
24.5,3500.6202197833477,16360.484422867545,4270.428974999994
24.6,3500.6202197833477,16360.484422867545,4270.428974999994
24.700000000000003,3500.6202197833477,16360.484422867545,4270.428974999994
24.8,3500.6202197833477,16360.484422867545,4270.428974999994
24.900000000000002,3500.6202197833477,16360.484422867545,4270.428974999994
25.0,3500.6202197833477,16360.484422867545,4270.428974999994
25.1,3500.6202197833477,16360.484422867545,4270.428974999994
25.200000000000003,3500.6202197833477,16360.484422867545,4270.428974999994
25.3,3500.6202197833477,16360.484422867545,4270.428974999994
25.400000000000002,3500.6202197833477,16360.484422867545,4270.428974999994
25.5,3500.6202197833477,16360.484422867545,4270.428974999994
25.6,3500.6202197833477,16360.484422867545,4270.428974999994
25.700000000000003,3500.6202197833477,16360.484422867545,4270.428974999994
25.8,3500.6202197833477,16360.484422867545,4270.428974999994
25.900000000000002,3500.6202197833477,16360.484422867545,4270.428974999994
26.0,3500.6202197833477,16360.484422867545,4270.428974999994
26.1,3500.6202197833477,16360.484422867545,4270.428974999994
26.200000000000003,3500.6202197833477,16360.484422867545,4270.428974999994
26.3,3500.6202197833477,16360.484422867545,4270.428974999994
26.400000000000002,3500.6202197833477,16360.484422867545,4270.428974999994
26.5,3500.6202197833477,16360.484422867545,4270.428974999994
26.6,3500.6202197833477,16360.484422867545,4270.428974999994
26.700000000000003,3500.6202197833477,16360.484422867545,4270.428974999994
26.8,3500.6202197833477,16360.484422867545,4270.428974999994
26.900000000000002,3500.6202197833477,16360.484422867545,4270.428974999994
27.0,3500.6202197833477,16360.484422867545,4270.428974999994
27.1,3500.6202197833477,16360.484422867545,4270.428974999994
27.200000000000003,3500.6202197833477,16360.484422867545,4270.428974999994
27.3,3500.6202197833477,16360.484422867545,4270.428974999994
27.400000000000002,3500.6202197833477,16360.484422867545,4270.428974999994
27.5,3500.6202197833477,16360.484422867545,4270.428974999994
27.6,3500.6202197833477,16360.484422867545,4270.428974999994
27.700000000000003,3500.6202197833477,16360.484422867545,4270.428974999994
27.8,3500.6202197833477,16360.484422867545,4270.428974999994
27.900000000000002,3500.6202197833477,16360.484422867545,4270.428974999994
28.0,3500.6202197833477,16360.484422867545,4270.428974999994
28.1,3500.6202197833477,16360.484422867545,4270.428974999994
28.200000000000003,3500.6202197833477,16360.484422867545,4270.428974999994
28.3,3500.6202197833477,16360.484422867545,4270.428974999994
28.400000000000002,3500.6202197833477,16360.484422867545,4270.428974999994
28.5,3500.6202197833477,16360.484422867545,4270.428974999994
28.6,3500.6202197833477,16360.484422867545,4270.428974999994
28.700000000000003,3500.6202197833477,16360.484422867545,4270.428974999994
28.8,3500.6202197833477,16360.484422867545,4270.428974999994
28.900000000000002,3500.6202197833477,16360.484422867545,4270.428974999994
29.0,3500.6202197833477,16360.484422867545,4270.428974999994
29.1,3500.6202197833477,16360.484422867545,4270.428974999994
29.200000000000003,3500.6202197833477,16360.484422867545,4270.428974999994
29.3,3500.6202197833477,16360.484422867545,4270.428974999994
29.400000000000002,3500.6202197833477,16360.484422867545,4270.428974999994
29.5,3500.6202197833477,16360.484422867545,4270.428974999994
29.6,3500.6202197833477,16360.484422867545,4270.428974999994
29.700000000000003,3500.6202197833477,16360.484422867545,4270.428974999994
29.8,3500.6202197833477,16360.484422867545,4270.428974999994
29.900000000000002,3500.6202197833477,16360.484422867545,4270.428974999994
30.0,3500.6202197833477,16360.484422867545,4270.428974999994
30.1,3500.6202197833477,16360.484422867545,4270.428974999994
30.200000000000003,3500.6202197833477,16360.484422867545,4270.428974999994
30.3,3500.6202197833477,16360.484422867545,4270.428974999994
30.400000000000002,3500.6202197833477,16360.484422867545,4270.428974999994
30.5,3500.6202197833477,16360.484422867545,4270.428974999994
30.6,3500.6202197833477,16360.484422867545,4270.428974999994
30.700000000000003,3500.6202197833477,16360.484422867545,4270.428974999994
30.8,3500.6202197833477,16360.484422867545,4270.428974999994
30.900000000000002,3500.6202197833477,16360.484422867545,4270.428974999994
31.0,3500.6202197833477,16360.484422867545,4270.428974999994
31.1,3500.6202197833477,16360.484422867545,4270.428974999994
31.200000000000003,3500.6202197833477,16360.484422867545,4270.428974999994
31.3,3500.6202197833477,16360.484422867545,4270.428974999994
31.400000000000002,3500.6202197833477,16360.484422867545,4270.428974999994
31.5,3500.6202197833477,16360.484422867545,4270.428974999994
31.6,3500.6202197833477,16360.484422867545,4270.428974999994
31.700000000000003,3500.6202197833477,16360.484422867545,4270.428974999994
31.8,3500.6202197833477,16360.484422867545,4270.428974999994
31.900000000000002,3500.6202197833477,16360.484422867545,4270.428974999994
32.0,3500.6202197833477,16360.484422867545,4270.428974999994
32.1,3500.6202197833477,16360.484422867545,4270.428974999994
32.2,3500.6202197833477,16360.484422867545,4270.428974999994
32.300000000000004,3500.6202197833477,16360.484422867545,4270.428974999994
32.4,3500.6202197833477,16360.484422867545,4270.428974999994
32.5,3500.6202197833477,16360.484422867545,4270.428974999994
32.6,3500.6202197833477,16360.484422867545,4270.428974999994
32.7,3500.6202197833477,16360.484422867545,4270.428974999994
32.800000000000004,3500.6202197833477,16360.484422867545,4270.428974999994
32.9,3500.6202197833477,16360.484422867545,4270.428974999994
33.0,3500.6202197833477,16360.484422867545,4270.428974999994
33.1,3500.6202197833477,16360.484422867545,4270.428974999994
33.2,3500.6202197833477,16360.484422867545,4270.428974999994
33.300000000000004,3500.6202197833477,16360.484422867545,4270.428974999994
33.4,3500.6202197833477,16360.484422867545,4270.428974999994
33.5,3500.6202197833477,16360.484422867545,4270.428974999994
33.6,3500.6202197833477,16360.484422867545,4270.428974999994
33.7,3500.6202197833477,16360.484422867545,4270.428974999994
33.800000000000004,3500.6202197833477,16360.484422867545,4270.428974999994
33.9,3500.6202197833477,16360.484422867545,4270.428974999994
34.0,3500.6202197833477,16360.484422867545,4270.428974999994
34.1,3500.6202197833477,16360.484422867545,4270.428974999994
34.2,3500.6202197833477,16360.484422867545,4270.428974999994
34.300000000000004,3500.6202197833477,16360.484422867545,4270.428974999994
34.4,3500.6202197833477,16360.484422867545,4270.428974999994
34.5,3500.6202197833477,16360.484422867545,4270.428974999994
34.6,3500.6202197833477,16360.484422867545,4270.428974999994
34.7,3500.6202197833477,16360.484422867545,4270.428974999994
34.800000000000004,3500.6202197833477,16360.484422867545,4270.428974999994
34.9,3500.6202197833477,16360.484422867545,4270.428974999994
35.0,3500.6202197833477,16360.484422867545,4270.428974999994
35.1,3500.6202197833477,16360.484422867545,4270.428974999994
35.2,3500.6202197833477,16360.484422867545,4270.428974999994
35.300000000000004,3500.6202197833477,16360.484422867545,4270.428974999994
35.4,3500.6202197833477,16360.484422867545,4270.428974999994
35.5,3500.6202197833477,16360.484422867545,4270.428974999994
35.6,3500.6202197833477,16360.484422867545,4270.428974999994
35.7,3500.6202197833477,16360.484422867545,4270.428974999994
35.800000000000004,3500.6202197833477,16360.484422867545,4270.428974999994
35.9,3500.6202197833477,16360.484422867545,4270.428974999994
36.0,3500.6202197833477,16360.484422867545,4270.428974999994
36.1,3500.6202197833477,16360.484422867545,4270.428974999994
36.2,3500.6202197833477,16360.484422867545,4270.428974999994
36.300000000000004,3500.6202197833477,16360.484422867545,4270.428974999994
36.4,3500.6202197833477,16360.484422867545,4270.428974999994
36.5,3500.6202197833477,16360.484422867545,4270.428974999994
36.6,3500.6202197833477,16360.484422867545,4270.428974999994
36.7,3500.6202197833477,16360.484422867545,4270.428974999994
36.800000000000004,3500.6202197833477,16360.484422867545,4270.428974999994
36.9,3500.6202197833477,16360.484422867545,4270.428974999994
37.0,3500.6202197833477,16360.484422867545,4270.428974999994
37.1,3500.6202197833477,16360.484422867545,4270.428974999994
37.2,3500.6202197833477,16360.484422867545,4270.428974999994
37.300000000000004,3500.6202197833477,16360.484422867545,4270.428974999994
37.4,3500.6202197833477,16360.484422867545,4270.428974999994
37.5,3500.6202197833477,16360.484422867545,4270.428974999994
37.6,3500.6202197833477,16360.484422867545,4270.428974999994
37.7,3500.6202197833477,16360.484422867545,4270.428974999994
37.800000000000004,3500.6202197833477,16360.484422867545,4270.428974999994
37.9,3500.6202197833477,16360.484422867545,4270.428974999994
38.0,3500.6202197833477,16360.484422867545,4270.428974999994
38.1,3500.6202197833477,16360.484422867545,4270.428974999994
38.2,3500.6202197833477,16360.484422867545,4270.428974999994
38.300000000000004,3500.6202197833477,16360.484422867545,4270.428974999994
38.400000000000006,3500.6202197833477,16360.484422867545,4270.428974999994
38.5,3500.6202197833477,16360.484422867545,4270.428974999994
38.6,3500.6202197833477,16360.484422867545,4270.428974999994
38.7,3500.6202197833477,16360.484422867545,4270.428974999994
38.800000000000004,3500.6202197833477,16360.484422867545,4270.428974999994
38.900000000000006,3500.6202197833477,16360.484422867545,4270.428974999994
39.0,3500.6202197833477,16360.484422867545,4270.428974999994
39.1,3500.6202197833477,16360.484422867545,4270.428974999994
39.2,3500.6202197833477,16360.484422867545,4270.428974999994
39.300000000000004,3500.6202197833477,16360.484422867545,4270.428974999994
39.400000000000006,3500.6202197833477,16360.484422867545,4270.428974999994
39.5,3500.6202197833477,16360.484422867545,4270.428974999994
39.6,3500.6202197833477,16360.484422867545,4270.428974999994
39.7,3500.6202197833477,16360.484422867545,4270.428974999994
39.800000000000004,3500.6202197833477,16360.484422867545,4270.428974999994
39.900000000000006,3500.6202197833477,16360.484422867545,4270.428974999994
40.0,3500.6202197833477,16360.484422867545,4270.428974999994
40.1,3500.6202197833477,16360.484422867545,4270.428974999994
40.2,3500.6202197833477,16360.484422867545,4270.428974999994
40.300000000000004,3500.6202197833477,16360.484422867545,4270.428974999994
40.400000000000006,3500.6202197833477,16360.484422867545,4270.428974999994
40.5,3500.6202197833477,16360.484422867545,4270.428974999994
40.6,3500.6202197833477,16360.484422867545,4270.428974999994
40.7,3500.6202197833477,16360.484422867545,4270.428974999994
40.800000000000004,3500.6202197833477,16360.484422867545,4270.428974999994
40.900000000000006,3500.6202197833477,16360.484422867545,4270.428974999994
41.0,3500.6202197833477,16360.484422867545,4270.428974999994
41.1,3500.6202197833477,16360.484422867545,4270.428974999994
41.2,3500.6202197833477,16360.484422867545,4270.428974999994
41.300000000000004,3500.6202197833477,16360.484422867545,4270.428974999994
41.400000000000006,3500.6202197833477,16360.484422867545,4270.428974999994
41.5,3500.6202197833477,16360.484422867545,4270.428974999994
41.6,3500.6202197833477,16360.484422867545,4270.428974999994
41.7,3500.6202197833477,16360.484422867545,4270.428974999994
41.800000000000004,3500.6202197833477,16360.484422867545,4270.428974999994
41.900000000000006,3500.6202197833477,16360.484422867545,4270.428974999994
42.0,3500.6202197833477,16360.484422867545,4270.428974999994
42.1,3500.6202197833477,16360.484422867545,4270.428974999994
42.2,3500.6202197833477,16360.484422867545,4270.428974999994
42.300000000000004,3500.6202197833477,16360.484422867545,4270.428974999994
42.400000000000006,3500.6202197833477,16360.484422867545,4270.428974999994
42.5,3500.6202197833477,16360.484422867545,4270.428974999994
42.6,3500.6202197833477,16360.484422867545,4270.428974999994
42.7,3500.6202197833477,16360.484422867545,4270.428974999994
42.800000000000004,3500.6202197833477,16360.484422867545,4270.428974999994
42.900000000000006,3500.6202197833477,16360.484422867545,4270.428974999994
43.0,3500.6202197833477,16360.484422867545,4270.428974999994
43.1,3500.6202197833477,16360.484422867545,4270.428974999994
43.2,3500.6202197833477,16360.484422867545,4270.428974999994
43.300000000000004,3500.6202197833477,16360.484422867545,4270.428974999994
43.400000000000006,3500.6202197833477,16360.484422867545,4270.428974999994
43.5,3500.6202197833477,16360.484422867545,4270.428974999994
43.6,3500.6202197833477,16360.484422867545,4270.428974999994
43.7,3500.6202197833477,16360.484422867545,4270.428974999994
43.800000000000004,3500.6202197833477,16360.484422867545,4270.428974999994
43.900000000000006,3500.6202197833477,16360.484422867545,4270.428974999994
44.0,3500.6202197833477,16360.484422867545,4270.428974999994
44.1,3500.6202197833477,16360.484422867545,4270.428974999994
44.2,3500.6202197833477,16360.484422867545,4270.428974999994
44.300000000000004,3500.6202197833477,16360.484422867545,4270.428974999994
44.400000000000006,3500.6202197833477,16360.484422867545,4270.428974999994
44.5,3500.6202197833477,16360.484422867545,4270.428974999994
44.6,3500.6202197833477,16360.484422867545,4270.428974999994
44.7,3500.6202197833477,16360.484422867545,4270.428974999994
44.800000000000004,3500.6202197833477,16360.484422867545,4270.428974999994
44.900000000000006,3500.6202197833477,16360.484422867545,4270.428974999994
45.0,3500.6202197833477,16360.484422867545,4270.428974999994
45.1,3500.6202197833477,16360.484422867545,4270.428974999994
45.2,3500.6202197833477,16360.484422867545,4270.428974999994
45.300000000000004,3500.6202197833477,16360.484422867545,4270.428974999994
45.400000000000006,3500.6202197833477,16360.484422867545,4270.428974999994
45.5,3500.6202197833477,16360.484422867545,4270.428974999994
45.6,3500.6202197833477,16360.484422867545,4270.428974999994
45.7,3500.6202197833477,16360.484422867545,4270.428974999994
45.800000000000004,3500.6202197833477,16360.484422867545,4270.428974999994
45.900000000000006,3500.6202197833477,16360.484422867545,4270.428974999994
46.0,3500.6202197833477,16360.484422867545,4270.428974999994
46.1,3500.6202197833477,16360.484422867545,4270.428974999994
46.2,3500.6202197833477,16360.484422867545,4270.428974999994
46.300000000000004,3500.6202197833477,16360.484422867545,4270.428974999994
46.400000000000006,3500.6202197833477,16360.484422867545,4270.428974999994
46.5,3500.6202197833477,16360.484422867545,4270.428974999994
46.6,3500.6202197833477,16360.484422867545,4270.428974999994
46.7,3500.6202197833477,16360.484422867545,4270.428974999994
46.800000000000004,3500.6202197833477,16360.484422867545,4270.428974999994
46.900000000000006,3500.6202197833477,16360.484422867545,4270.428974999994
47.0,3500.6202197833477,16360.484422867545,4270.428974999994
47.1,3500.6202197833477,16360.484422867545,4270.428974999994
47.2,3500.6202197833477,16360.484422867545,4270.428974999994
47.300000000000004,3500.6202197833477,16360.484422867545,4270.428974999994
47.400000000000006,3500.6202197833477,16360.484422867545,4270.428974999994
47.5,3500.6202197833477,16360.484422867545,4270.428974999994
47.6,3500.6202197833477,16360.484422867545,4270.428974999994
47.7,3500.6202197833477,16360.484422867545,4270.428974999994
47.800000000000004,3500.6202197833477,16360.484422867545,4270.428974999994
47.900000000000006,3500.6202197833477,16360.484422867545,4270.428974999994
48.0,3500.6202197833477,16360.484422867545,4270.428974999994
48.1,3500.6202197833477,16360.484422867545,4270.428974999994
48.2,3500.6202197833477,16360.484422867545,4270.428974999994
48.300000000000004,3500.6202197833477,16360.484422867545,4270.428974999994
48.400000000000006,3500.6202197833477,16360.484422867545,4270.428974999994
48.5,3500.6202197833477,16360.484422867545,4270.428974999994
48.6,3500.6202197833477,16360.484422867545,4270.428974999994
48.7,3500.6202197833477,16360.484422867545,4270.428974999994
48.800000000000004,3500.6202197833477,16360.484422867545,4270.428974999994
48.900000000000006,3500.6202197833477,16360.484422867545,4270.428974999994
49.0,3500.6202197833477,16360.484422867545,4270.428974999994
49.1,3500.6202197833477,16360.484422867545,4270.428974999994
49.2,3500.6202197833477,16360.484422867545,4270.428974999994
49.300000000000004,3500.6202197833477,16360.484422867545,4270.428974999994
49.400000000000006,3500.6202197833477,16360.484422867545,4270.428974999994
49.5,3500.6202197833477,16360.484422867545,4270.428974999994
49.6,3500.6202197833477,16360.484422867545,4270.428974999994
49.7,3500.6202197833477,16360.484422867545,4270.428974999994
49.800000000000004,3500.6202197833477,16360.484422867545,4270.428974999994
49.900000000000006,3500.6202197833477,16360.484422867545,4270.428974999994
50.0,3500.6202197833477,16360.484422867545,4270.428974999994
50.1,3500.6202197833477,16360.484422867545,4270.428974999994
50.2,3500.6202197833477,16360.484422867545,4270.428974999994
50.300000000000004,3500.6202197833477,16360.484422867545,4270.428974999994
50.400000000000006,3500.6202197833477,16360.484422867545,4270.428974999994
50.5,3500.6202197833477,16360.484422867545,4270.428974999994
50.6,3500.6202197833477,16360.484422867545,4270.428974999994
50.7,3500.6202197833477,16360.484422867545,4270.428974999994
50.800000000000004,3500.6202197833477,16360.484422867545,4270.428974999994
50.900000000000006,3500.6202197833477,16360.484422867545,4270.428974999994
51.0,3500.6202197833477,16360.484422867545,4270.428974999994
51.1,3500.6202197833477,16360.484422867545,4270.428974999994
51.2,3500.6202197833477,16360.484422867545,4270.428974999994
51.300000000000004,3500.6202197833477,16360.484422867545,4270.428974999994
51.400000000000006,3500.6202197833477,16360.484422867545,4270.428974999994
51.5,3500.6202197833477,16360.484422867545,4270.428974999994
51.6,3500.6202197833477,16360.484422867545,4270.428974999994
51.7,3500.6202197833477,16360.484422867545,4270.428974999994
51.800000000000004,3500.6202197833477,16360.484422867545,4270.428974999994
51.900000000000006,3500.6202197833477,16360.484422867545,4270.428974999994
52.0,3500.6202197833477,16360.484422867545,4270.428974999994
52.1,3500.6202197833477,16360.484422867545,4270.428974999994
52.2,3500.6202197833477,16360.484422867545,4270.428974999994
52.300000000000004,3500.6202197833477,16360.484422867545,4270.428974999994
52.400000000000006,3500.6202197833477,16360.484422867545,4270.428974999994
52.5,3500.6202197833477,16360.484422867545,4270.428974999994
52.6,3500.6202197833477,16360.484422867545,4270.428974999994
52.7,3500.6202197833477,16360.484422867545,4270.428974999994
52.800000000000004,3500.6202197833477,16360.484422867545,4270.428974999994
52.900000000000006,3500.6202197833477,16360.484422867545,4270.428974999994
53.0,3500.6202197833477,16360.484422867545,4270.428974999994
53.1,3500.6202197833477,16360.484422867545,4270.428974999994
53.2,3500.6202197833477,16360.484422867545,4270.428974999994
53.300000000000004,3500.6202197833477,16360.484422867545,4270.428974999994
53.400000000000006,3500.6202197833477,16360.484422867545,4270.428974999994
53.5,3500.6202197833477,16360.484422867545,4270.428974999994
53.6,3500.6202197833477,16360.484422867545,4270.428974999994
53.7,3500.6202197833477,16360.484422867545,4270.428974999994
53.800000000000004,3500.6202197833477,16360.484422867545,4270.428974999994
53.900000000000006,3500.6202197833477,16360.484422867545,4270.428974999994
54.0,3500.6202197833477,16360.484422867545,4270.428974999994
54.1,3500.6202197833477,16360.484422867545,4270.428974999994
54.2,3500.6202197833477,16360.484422867545,4270.428974999994
54.300000000000004,3500.6202197833477,16360.484422867545,4270.428974999994
54.400000000000006,3500.6202197833477,16360.484422867545,4270.428974999994
54.5,3500.6202197833477,16360.484422867545,4270.428974999994
54.6,3500.6202197833477,16360.484422867545,4270.428974999994
54.7,3500.6202197833477,16360.484422867545,4270.428974999994
54.800000000000004,3500.6202197833477,16360.484422867545,4270.428974999994
54.900000000000006,3500.6202197833477,16360.484422867545,4270.428974999994
55.0,3500.6202197833477,16360.484422867545,4270.428974999994
55.1,3500.6202197833477,16360.484422867545,4270.428974999994
55.2,3500.6202197833477,16360.484422867545,4270.428974999994
55.300000000000004,3500.6202197833477,16360.484422867545,4270.428974999994
55.400000000000006,3500.6202197833477,16360.484422867545,4270.428974999994
55.5,3500.6202197833477,16360.484422867545,4270.428974999994
55.6,3500.6202197833477,16360.484422867545,4270.428974999994
55.7,3500.6202197833477,16360.484422867545,4270.428974999994
55.800000000000004,3500.6202197833477,16360.484422867545,4270.428974999994
55.900000000000006,3500.6202197833477,16360.484422867545,4270.428974999994
56.0,3500.6202197833477,16360.484422867545,4270.428974999994
56.1,3500.6202197833477,16360.484422867545,4270.428974999994
56.2,3500.6202197833477,16360.484422867545,4270.428974999994
56.300000000000004,3500.6202197833477,16360.484422867545,4270.428974999994
56.400000000000006,3500.6202197833477,16360.484422867545,4270.428974999994
56.5,3500.6202197833477,16360.484422867545,4270.428974999994
56.6,3500.6202197833477,16360.484422867545,4270.428974999994
56.7,3500.6202197833477,16360.484422867545,4270.428974999994
56.800000000000004,3500.6202197833477,16360.484422867545,4270.428974999994
56.900000000000006,3500.6202197833477,16360.484422867545,4270.428974999994
57.0,3500.6202197833477,16360.484422867545,4270.428974999994
57.1,3500.6202197833477,16360.484422867545,4270.428974999994
57.2,3500.6202197833477,16360.484422867545,4270.428974999994
57.300000000000004,3500.6202197833477,16360.484422867545,4270.428974999994
57.400000000000006,3500.6202197833477,16360.484422867545,4270.428974999994
57.5,3500.6202197833477,16360.484422867545,4270.428974999994
57.6,3500.6202197833477,16360.484422867545,4270.428974999994
57.7,3500.6202197833477,16360.484422867545,4270.428974999994
57.800000000000004,3500.6202197833477,16360.484422867545,4270.428974999994
57.900000000000006,3500.6202197833477,16360.484422867545,4270.428974999994
58.0,3500.6202197833477,16360.484422867545,4270.428974999994
58.1,3500.6202197833477,16360.484422867545,4270.428974999994
58.2,3500.6202197833477,16360.484422867545,4270.428974999994
58.300000000000004,3500.6202197833477,16360.484422867545,4270.428974999994
58.400000000000006,3500.6202197833477,16360.484422867545,4270.428974999994
58.5,3500.6202197833477,16360.484422867545,4270.428974999994
58.6,3500.6202197833477,16360.484422867545,4270.428974999994
58.7,3500.6202197833477,16360.484422867545,4270.428974999994
58.800000000000004,3500.6202197833477,16360.484422867545,4270.428974999994
58.900000000000006,3500.6202197833477,16360.484422867545,4270.428974999994
59.0,3500.6202197833477,16360.484422867545,4270.428974999994
59.1,3500.6202197833477,16360.484422867545,4270.428974999994
59.2,3500.6202197833477,16360.484422867545,4270.428974999994
59.300000000000004,3500.6202197833477,16360.484422867545,4270.428974999994
59.400000000000006,3500.6202197833477,16360.484422867545,4270.428974999994
59.5,3500.6202197833477,16360.484422867545,4270.428974999994
59.6,3500.6202197833477,16360.484422867545,4270.428974999994
59.7,3500.6202197833477,16360.484422867545,4270.428974999994
59.800000000000004,3500.6202197833477,16360.484422867545,4270.428974999994
59.900000000000006,3500.6202197833477,16360.484422867545,4270.428974999994
60.0,3500.6202197833477,16360.484422867545,4270.428974999994
60.1,3500.6202197833477,16360.484422867545,4270.428974999994
60.2,3500.6202197833477,16360.484422867545,4270.428974999994
60.300000000000004,3500.6202197833477,16360.484422867545,4270.428974999994
60.400000000000006,3500.6202197833477,16360.484422867545,4270.428974999994
60.5,3500.6202197833477,16360.484422867545,4270.428974999994
60.6,3500.6202197833477,16360.484422867545,4270.428974999994
60.7,3500.6202197833477,16360.484422867545,4270.428974999994
60.800000000000004,3500.6202197833477,16360.484422867545,4270.428974999994
60.900000000000006,3500.6202197833477,16360.484422867545,4270.428974999994
61.0,3500.6202197833477,16360.484422867545,4270.428974999994
61.1,3500.6202197833477,16360.484422867545,4270.428974999994
61.2,3500.6202197833477,16360.484422867545,4270.428974999994
61.300000000000004,3500.6202197833477,16360.484422867545,4270.428974999994
61.400000000000006,3500.6202197833477,16360.484422867545,4270.428974999994
61.5,3500.6202197833477,16360.484422867545,4270.428974999994
61.6,3500.6202197833477,16360.484422867545,4270.428974999994
61.7,3500.6202197833477,16360.484422867545,4270.428974999994
61.800000000000004,3500.6202197833477,16360.484422867545,4270.428974999994
61.900000000000006,3500.6202197833477,16360.484422867545,4270.428974999994
62.0,3500.6202197833477,16360.484422867545,4270.428974999994
62.1,3500.6202197833477,16360.484422867545,4270.428974999994
62.2,3500.6202197833477,16360.484422867545,4270.428974999994
62.300000000000004,3500.6202197833477,16360.484422867545,4270.428974999994
62.400000000000006,3500.6202197833477,16360.484422867545,4270.428974999994
62.5,3500.6202197833477,16360.484422867545,4270.428974999994
62.6,3500.6202197833477,16360.484422867545,4270.428974999994
62.7,3500.6202197833477,16360.484422867545,4270.428974999994
62.800000000000004,3500.6202197833477,16360.484422867545,4270.428974999994
62.900000000000006,3500.6202197833477,16360.484422867545,4270.428974999994
63.0,3500.6202197833477,16360.484422867545,4270.428974999994
63.1,3500.6202197833477,16360.484422867545,4270.428974999994
63.2,3500.6202197833477,16360.484422867545,4270.428974999994
63.300000000000004,3500.6202197833477,16360.484422867545,4270.428974999994
63.400000000000006,3500.6202197833477,16360.484422867545,4270.428974999994
63.5,3500.6202197833477,16360.484422867545,4270.428974999994
63.6,3500.6202197833477,16360.484422867545,4270.428974999994
63.7,3500.6202197833477,16360.484422867545,4270.428974999994
63.800000000000004,3500.6202197833477,16360.484422867545,4270.428974999994
63.900000000000006,3500.6202197833477,16360.484422867545,4270.428974999994
64.0,3500.6202197833477,16360.484422867545,4270.428974999994
64.10000000000001,3500.6202197833477,16360.484422867545,4270.428974999994
64.2,3500.6202197833477,16360.484422867545,4270.428974999994
64.3,3500.6202197833477,16360.484422867545,4270.428974999994
64.4,3500.6202197833477,16360.484422867545,4270.428974999994
64.5,3500.6202197833477,16360.484422867545,4270.428974999994
64.60000000000001,3500.6202197833477,16360.484422867545,4270.428974999994
64.7,3500.6202197833477,16360.484422867545,4270.428974999994
64.8,3500.6202197833477,16360.484422867545,4270.428974999994
64.9,3500.6202197833477,16360.484422867545,4270.428974999994
65.0,3500.6202197833477,16360.484422867545,4270.428974999994
65.10000000000001,3500.6202197833477,16360.484422867545,4270.428974999994
65.2,3500.6202197833477,16360.484422867545,4270.428974999994
65.3,3500.6202197833477,16360.484422867545,4270.428974999994
65.4,3500.6202197833477,16360.484422867545,4270.428974999994
65.5,3500.6202197833477,16360.484422867545,4270.428974999994
65.60000000000001,3500.6202197833477,16360.484422867545,4270.428974999994
65.7,3500.6202197833477,16360.484422867545,4270.428974999994
65.8,3500.6202197833477,16360.484422867545,4270.428974999994
65.9,3500.6202197833477,16360.484422867545,4270.428974999994
66.0,3500.6202197833477,16360.484422867545,4270.428974999994
66.10000000000001,3500.6202197833477,16360.484422867545,4270.428974999994
66.2,3500.6202197833477,16360.484422867545,4270.428974999994
66.3,3500.6202197833477,16360.484422867545,4270.428974999994
66.4,3500.6202197833477,16360.484422867545,4270.428974999994
66.5,3500.6202197833477,16360.484422867545,4270.428974999994
66.60000000000001,3500.6202197833477,16360.484422867545,4270.428974999994
66.7,3500.6202197833477,16360.484422867545,4270.428974999994
66.8,3500.6202197833477,16360.484422867545,4270.428974999994
66.9,3500.6202197833477,16360.484422867545,4270.428974999994
67.0,3500.6202197833477,16360.484422867545,4270.428974999994
67.10000000000001,3500.6202197833477,16360.484422867545,4270.428974999994
67.2,3500.6202197833477,16360.484422867545,4270.428974999994
67.3,3500.6202197833477,16360.484422867545,4270.428974999994
67.4,3500.6202197833477,16360.484422867545,4270.428974999994
67.5,3500.6202197833477,16360.484422867545,4270.428974999994
67.60000000000001,3500.6202197833477,16360.484422867545,4270.428974999994
67.7,3500.6202197833477,16360.484422867545,4270.428974999994
67.8,3500.6202197833477,16360.484422867545,4270.428974999994
67.9,3500.6202197833477,16360.484422867545,4270.428974999994
68.0,3500.6202197833477,16360.484422867545,4270.428974999994
68.10000000000001,3500.6202197833477,16360.484422867545,4270.428974999994
68.2,3500.6202197833477,16360.484422867545,4270.428974999994
68.3,3500.6202197833477,16360.484422867545,4270.428974999994
68.4,3500.6202197833477,16360.484422867545,4270.428974999994
68.5,3500.6202197833477,16360.484422867545,4270.428974999994
68.60000000000001,3500.6202197833477,16360.484422867545,4270.428974999994
68.7,3500.6202197833477,16360.484422867545,4270.428974999994
68.8,3500.6202197833477,16360.484422867545,4270.428974999994
68.9,3500.6202197833477,16360.484422867545,4270.428974999994
69.0,3500.6202197833477,16360.484422867545,4270.428974999994
69.10000000000001,3500.6202197833477,16360.484422867545,4270.428974999994
69.2,3500.6202197833477,16360.484422867545,4270.428974999994
69.3,3500.6202197833477,16360.484422867545,4270.428974999994
69.4,3500.6202197833477,16360.484422867545,4270.428974999994
69.5,3500.6202197833477,16360.484422867545,4270.428974999994
69.60000000000001,3500.6202197833477,16360.484422867545,4270.428974999994
69.7,3500.6202197833477,16360.484422867545,4270.428974999994
69.8,3500.6202197833477,16360.484422867545,4270.428974999994
69.9,3500.6202197833477,16360.484422867545,4270.428974999994
70.0,3500.6202197833477,16360.484422867545,4270.428974999994
70.10000000000001,3500.6202197833477,16360.484422867545,4270.428974999994
70.2,3500.6202197833477,16360.484422867545,4270.428974999994
70.3,3500.6202197833477,16360.484422867545,4270.428974999994
70.4,3500.6202197833477,16360.484422867545,4270.428974999994
70.5,3500.6202197833477,16360.484422867545,4270.428974999994
70.60000000000001,3500.6202197833477,16360.484422867545,4270.428974999994
70.7,3500.6202197833477,16360.484422867545,4270.428974999994
70.8,3500.6202197833477,16360.484422867545,4270.428974999994
70.9,3500.6202197833477,16360.484422867545,4270.428974999994
71.0,3500.6202197833477,16360.484422867545,4270.428974999994
71.10000000000001,3500.6202197833477,16360.484422867545,4270.428974999994
71.2,3500.6202197833477,16360.484422867545,4270.428974999994
71.3,3500.6202197833477,16360.484422867545,4270.428974999994
71.4,3500.6202197833477,16360.484422867545,4270.428974999994
71.5,3500.6202197833477,16360.484422867545,4270.428974999994
71.60000000000001,3500.6202197833477,16360.484422867545,4270.428974999994
71.7,3500.6202197833477,16360.484422867545,4270.428974999994
71.8,3500.6202197833477,16360.484422867545,4270.428974999994
71.9,3500.6202197833477,16360.484422867545,4270.428974999994
72.0,3500.6202197833477,16360.484422867545,4270.428974999994
72.10000000000001,3500.6202197833477,16360.484422867545,4270.428974999994
72.2,3500.6202197833477,16360.484422867545,4270.428974999994
72.3,3500.6202197833477,16360.484422867545,4270.428974999994
72.4,3500.6202197833477,16360.484422867545,4270.428974999994
72.5,3500.6202197833477,16360.484422867545,4270.428974999994
72.60000000000001,3500.6202197833477,16360.484422867545,4270.428974999994
72.7,3500.6202197833477,16360.484422867545,4270.428974999994
72.8,3500.6202197833477,16360.484422867545,4270.428974999994
72.9,3500.6202197833477,16360.484422867545,4270.428974999994
73.0,3500.6202197833477,16360.484422867545,4270.428974999994
73.10000000000001,3500.6202197833477,16360.484422867545,4270.428974999994
73.2,3500.6202197833477,16360.484422867545,4270.428974999994
73.3,3500.6202197833477,16360.484422867545,4270.428974999994
73.4,3500.6202197833477,16360.484422867545,4270.428974999994
73.5,3500.6202197833477,16360.484422867545,4270.428974999994
73.60000000000001,3500.6202197833477,16360.484422867545,4270.428974999994
73.7,3500.6202197833477,16360.484422867545,4270.428974999994
73.8,3500.6202197833477,16360.484422867545,4270.428974999994
73.9,3500.6202197833477,16360.484422867545,4270.428974999994
74.0,3500.6202197833477,16360.484422867545,4270.428974999994
74.10000000000001,3500.6202197833477,16360.484422867545,4270.428974999994
74.2,3500.6202197833477,16360.484422867545,4270.428974999994
74.3,3500.6202197833477,16360.484422867545,4270.428974999994
74.4,3500.6202197833477,16360.484422867545,4270.428974999994
74.5,3500.6202197833477,16360.484422867545,4270.428974999994
74.60000000000001,3500.6202197833477,16360.484422867545,4270.428974999994
74.7,3500.6202197833477,16360.484422867545,4270.428974999994
74.8,3500.6202197833477,16360.484422867545,4270.428974999994
74.9,3500.6202197833477,16360.484422867545,4270.428974999994
75.0,3500.6202197833477,16360.484422867545,4270.428974999994
75.10000000000001,3500.6202197833477,16360.484422867545,4270.428974999994
75.2,3500.6202197833477,16360.484422867545,4270.428974999994
75.3,6048.036116384118,17325.67628429518,4270.428974999994
75.4,6665.591534928287,17559.662208915786,4270.428974999994
75.5,390.7878430875478,15182.198260644796,4270.428974999994
75.60000000000001,-10460.542302211694,11070.73159519649,4270.428974999994
75.7,-23572.566244043035,6102.709368285154,4270.428974999994
75.8,-36629.45132548006,1155.578735625072,4270.428974999994
75.9,-47315.364889596385,-2893.21314706947,4270.428974999994
76.0,-53314.47427946559,-5166.219124084188,4270.428974999994
76.10000000000001,-52310.946838161275,-4785.992039704795,4270.428974999994
76.2,-49995.114155216594,-3908.5448741324317,4270.428974999994
76.3,-49995.114155216594,-3908.5448741324317,4270.428974999994
76.4,-49995.114155216594,-3908.5448741324317,4270.428974999994
76.5,-49995.114155216594,-3908.5448741324317,4270.428974999994
76.60000000000001,-49995.114155216594,-3908.5448741324317,4270.428974999994
76.7,-49995.114155216594,-3908.5448741324317,4270.428974999994
76.80000000000001,-49995.114155216594,-3908.5448741324317,4270.428974999994
76.9,-49995.114155216594,-3908.5448741324317,4270.428974999994
77.0,-49995.114155216594,-3908.5448741324317,4270.428974999994
77.10000000000001,-49995.114155216594,-3908.5448741324317,4270.428974999994
77.2,-49995.114155216594,-3908.5448741324317,4270.428974999994
77.30000000000001,-49995.114155216594,-3908.5448741324317,4270.428974999994
77.4,-49995.114155216594,-3908.5448741324317,4270.428974999994
77.5,-49995.114155216594,-3908.5448741324317,4270.428974999994
77.60000000000001,-49995.114155216594,-3908.5448741324317,4270.428974999994
77.7,-49995.114155216594,-3908.5448741324317,4270.428974999994
77.80000000000001,-49995.114155216594,-3908.5448741324317,4270.428974999994
77.9,-49995.114155216594,-3908.5448741324317,4270.428974999994
78.0,-49995.114155216594,-3908.5448741324317,4270.428974999994
78.10000000000001,-49995.114155216594,-3908.5448741324317,4270.428974999994
78.2,-49995.114155216594,-3908.5448741324317,4270.428974999994
78.30000000000001,-49995.114155216594,-3908.5448741324317,4270.428974999994
78.4,-49995.114155216594,-3908.5448741324317,4270.428974999994
78.5,-49995.114155216594,-3908.5448741324317,4270.428974999994
78.60000000000001,-49995.114155216594,-3908.5448741324317,4270.428974999994
78.7,-49995.114155216594,-3908.5448741324317,4270.428974999994
78.80000000000001,-49995.114155216594,-3908.5448741324317,4270.428974999994
78.9,-49995.114155216594,-3908.5448741324317,4270.428974999994
79.0,-49995.114155216594,-3908.5448741324317,4270.428974999994
79.10000000000001,-49995.114155216594,-3908.5448741324317,4270.428974999994
79.2,-49995.114155216594,-3908.5448741324317,4270.428974999994
79.30000000000001,-49995.114155216594,-3908.5448741324317,4270.428974999994
79.4,-49995.114155216594,-3908.5448741324317,4270.428974999994
79.5,-49995.114155216594,-3908.5448741324317,4270.428974999994
79.60000000000001,-49995.114155216594,-3908.5448741324317,4270.428974999994
79.7,-49995.114155216594,-3908.5448741324317,4270.428974999994
79.80000000000001,-49995.114155216594,-3908.5448741324317,4270.428974999994
79.9,-49995.114155216594,-3908.5448741324317,4270.428974999994
80.0,-49995.114155216594,-3908.5448741324317,4270.428974999994
80.10000000000001,-49995.114155216594,-3908.5448741324317,4270.428974999994
80.2,-49995.114155216594,-3908.5448741324317,4270.428974999994
80.30000000000001,-49995.114155216594,-3908.5448741324317,4270.428974999994
80.4,-49995.114155216594,-3908.5448741324317,4270.428974999994
80.5,-49995.114155216594,-3908.5448741324317,4270.428974999994
80.60000000000001,-49995.114155216594,-3908.5448741324317,4270.428974999994
80.7,-49995.114155216594,-3908.5448741324317,4270.428974999994
80.80000000000001,-49995.114155216594,-3908.5448741324317,4270.428974999994
80.9,-49995.114155216594,-3908.5448741324317,4270.428974999994
81.0,-49995.114155216594,-3908.5448741324317,4270.428974999994
81.10000000000001,-49995.114155216594,-3908.5448741324317,4270.428974999994
81.2,-49995.114155216594,-3908.5448741324317,4270.428974999994
81.30000000000001,-49995.114155216594,-3908.5448741324317,4270.428974999994
81.4,-49995.114155216594,-3908.5448741324317,4270.428974999994
81.5,-49995.114155216594,-3908.5448741324317,4270.428974999994
81.60000000000001,-49995.114155216594,-3908.5448741324317,4270.428974999994
81.7,-49995.114155216594,-3908.5448741324317,4270.428974999994
81.80000000000001,-49995.114155216594,-3908.5448741324317,4270.428974999994
81.9,-49995.114155216594,-3908.5448741324317,4270.428974999994
82.0,-49995.114155216594,-3908.5448741324317,4270.428974999994
82.10000000000001,-49995.114155216594,-3908.5448741324317,4270.428974999994
82.2,-49995.114155216594,-3908.5448741324317,4270.428974999994
82.30000000000001,-49995.114155216594,-3908.5448741324317,4270.428974999994
82.4,-49995.114155216594,-3908.5448741324317,4270.428974999994
82.5,-49995.114155216594,-3908.5448741324317,4270.428974999994
82.60000000000001,-49995.114155216594,-3908.5448741324317,4270.428974999994
82.7,-49995.114155216594,-3908.5448741324317,4270.428974999994
82.80000000000001,-49995.114155216594,-3908.5448741324317,4270.428974999994
82.9,-49995.114155216594,-3908.5448741324317,4270.428974999994
83.0,-49995.114155216594,-3908.5448741324317,4270.428974999994
83.10000000000001,-49995.114155216594,-3908.5448741324317,4270.428974999994
83.2,-49995.114155216594,-3908.5448741324317,4270.428974999994
83.30000000000001,-49995.114155216594,-3908.5448741324317,4270.428974999994
83.4,-49995.114155216594,-3908.5448741324317,4270.428974999994
83.5,-49995.114155216594,-3908.5448741324317,4270.428974999994
83.60000000000001,-49995.114155216594,-3908.5448741324317,4270.428974999994
83.7,-49995.114155216594,-3908.5448741324317,4270.428974999994
83.80000000000001,-49995.114155216594,-3908.5448741324317,4270.428974999994
83.9,-49995.114155216594,-3908.5448741324317,4270.428974999994
84.0,-49995.114155216594,-3908.5448741324317,4270.428974999994
84.10000000000001,-49995.114155216594,-3908.5448741324317,4270.428974999994
84.2,-49995.114155216594,-3908.5448741324317,4270.428974999994
84.30000000000001,-49995.114155216594,-3908.5448741324317,4270.428974999994
84.4,-49995.114155216594,-3908.5448741324317,4270.428974999994
84.5,-49995.114155216594,-3908.5448741324317,4270.428974999994
84.60000000000001,-49995.114155216594,-3908.5448741324317,4270.428974999994
84.7,-49995.114155216594,-3908.5448741324317,4270.428974999994
84.80000000000001,-49995.114155216594,-3908.5448741324317,4270.428974999994
84.9,-49995.114155216594,-3908.5448741324317,4270.428974999994
85.0,-49995.114155216594,-3908.5448741324317,4270.428974999994
85.10000000000001,-49995.114155216594,-3908.5448741324317,4270.428974999994
85.2,-49995.114155216594,-3908.5448741324317,4270.428974999994
85.30000000000001,-49995.114155216594,-3908.5448741324317,4270.428974999994
85.4,-49995.114155216594,-3908.5448741324317,4270.428974999994
85.5,-49995.114155216594,-3908.5448741324317,4270.428974999994
85.60000000000001,-49995.114155216594,-3908.5448741324317,4270.428974999994
85.7,-49995.114155216594,-3908.5448741324317,4270.428974999994
85.80000000000001,-49995.114155216594,-3908.5448741324317,4270.428974999994
85.9,-49995.114155216594,-3908.5448741324317,4270.428974999994
86.0,-49995.114155216594,-3908.5448741324317,4270.428974999994
86.10000000000001,-49995.114155216594,-3908.5448741324317,4270.428974999994
86.2,-49995.114155216594,-3908.5448741324317,4270.428974999994
86.30000000000001,-49995.114155216594,-3908.5448741324317,4270.428974999994
86.4,-49995.114155216594,-3908.5448741324317,4270.428974999994
86.5,-49995.114155216594,-3908.5448741324317,4270.428974999994
86.60000000000001,-49995.114155216594,-3908.5448741324317,4270.428974999994
86.7,-49995.114155216594,-3908.5448741324317,4270.428974999994
86.80000000000001,-49995.114155216594,-3908.5448741324317,4270.428974999994
86.9,-49995.114155216594,-3908.5448741324317,4270.428974999994
87.0,-49995.114155216594,-3908.5448741324317,4270.428974999994
87.10000000000001,-49995.114155216594,-3908.5448741324317,4270.428974999994
87.2,-49995.114155216594,-3908.5448741324317,4270.428974999994
87.30000000000001,-49995.114155216594,-3908.5448741324317,4270.428974999994
87.4,-49995.114155216594,-3908.5448741324317,4270.428974999994
87.5,-49995.114155216594,-3908.5448741324317,4270.428974999994
87.60000000000001,-49995.114155216594,-3908.5448741324317,4270.428974999994
87.7,-49995.114155216594,-3908.5448741324317,4270.428974999994
87.80000000000001,-49995.114155216594,-3908.5448741324317,4270.428974999994
87.9,-49995.114155216594,-3908.5448741324317,4270.428974999994
88.0,-49995.114155216594,-3908.5448741324317,4270.428974999994
88.10000000000001,-49995.114155216594,-3908.5448741324317,4270.428974999994
88.2,-49995.114155216594,-3908.5448741324317,4270.428974999994
88.30000000000001,-49995.114155216594,-3908.5448741324317,4270.428974999994
88.4,-49995.114155216594,-3908.5448741324317,4270.428974999994
88.5,-49995.114155216594,-3908.5448741324317,4270.428974999994
88.60000000000001,-49995.114155216594,-3908.5448741324317,4270.428974999994
88.7,-49995.114155216594,-3908.5448741324317,4270.428974999994
88.80000000000001,-49995.114155216594,-3908.5448741324317,4270.428974999994
88.9,-49995.114155216594,-3908.5448741324317,4270.428974999994
89.0,-49995.114155216594,-3908.5448741324317,4270.428974999994
89.10000000000001,-49995.114155216594,-3908.5448741324317,4270.428974999994
89.2,-49995.114155216594,-3908.5448741324317,4270.428974999994
89.30000000000001,-49995.114155216594,-3908.5448741324317,4270.428974999994
89.4,-49995.114155216594,-3908.5448741324317,4270.428974999994
89.5,-49995.114155216594,-3908.5448741324317,4270.428974999994
89.60000000000001,-49995.114155216594,-3908.5448741324317,4270.428974999994
89.7,-49995.114155216594,-3908.5448741324317,4270.428974999994
89.80000000000001,-49995.114155216594,-3908.5448741324317,4270.428974999994
89.9,-49995.114155216594,-3908.5448741324317,4270.428974999994
90.0,-49995.11415521666,-3908.5448741324376,4270.428975
90.10000000000001,-49995.11415521666,-3908.544874132438,4270.428975000001
90.2,-49995.11415521665,-3908.544874132438,4270.428975
90.30000000000001,-49995.11415521664,-3908.544874132437,4270.428974999999
